-- MySQL dump 10.13  Distrib 5.6.11, for Win32 (x86)
--
-- Host: localhost    Database: owlStakes
-- ------------------------------------------------------
-- Server version	5.6.13-log

/*!40101 SET @OLD_CHARACTER_SET_CLIENT=@@CHARACTER_SET_CLIENT */;
/*!40101 SET @OLD_CHARACTER_SET_RESULTS=@@CHARACTER_SET_RESULTS */;
/*!40101 SET @OLD_COLLATION_CONNECTION=@@COLLATION_CONNECTION */;
/*!40101 SET NAMES utf8 */;
/*!40103 SET @OLD_TIME_ZONE=@@TIME_ZONE */;
/*!40103 SET TIME_ZONE='+00:00' */;
/*!40014 SET @OLD_UNIQUE_CHECKS=@@UNIQUE_CHECKS, UNIQUE_CHECKS=0 */;
/*!40014 SET @OLD_FOREIGN_KEY_CHECKS=@@FOREIGN_KEY_CHECKS, FOREIGN_KEY_CHECKS=0 */;
/*!40101 SET @OLD_SQL_MODE=@@SQL_MODE, SQL_MODE='NO_AUTO_VALUE_ON_ZERO' */;
/*!40111 SET @OLD_SQL_NOTES=@@SQL_NOTES, SQL_NOTES=0 */;

--
-- Table structure for table `confirms`
--

DROP TABLE IF EXISTS `confirms`;
/*!40101 SET @saved_cs_client     = @@character_set_client */;
/*!40101 SET character_set_client = utf8 */;
CREATE TABLE `confirms` (
  `userId` int(10) unsigned NOT NULL AUTO_INCREMENT,
  `confirmHash` varchar(100) NOT NULL,
  `createdOn` timestamp NOT NULL DEFAULT '0000-00-00 00:00:00',
  `updatedOn` timestamp NOT NULL DEFAULT CURRENT_TIMESTAMP ON UPDATE CURRENT_TIMESTAMP,
  PRIMARY KEY (`userId`),
  CONSTRAINT `confirms_ibfk_1` FOREIGN KEY (`userId`) REFERENCES `users` (`id`)
) ENGINE=InnoDB AUTO_INCREMENT=4 DEFAULT CHARSET=utf8;
/*!40101 SET character_set_client = @saved_cs_client */;

--
-- Dumping data for table `confirms`
--

LOCK TABLES `confirms` WRITE;
/*!40000 ALTER TABLE `confirms` DISABLE KEYS */;
INSERT INTO `confirms` VALUES (1,'efbfb946ab5dd6466a12d78846fa24d8b8217285b190bf3528de5a17efa6fdd1','2013-09-13 20:45:09','2013-09-13 20:45:09'),(3,'6c88d4e069fbeca269395a8bfe0b265eee021f2c7ea2c497c81c17b57784a504','2013-09-18 06:30:03','2013-09-18 06:30:03');
/*!40000 ALTER TABLE `confirms` ENABLE KEYS */;
UNLOCK TABLES;

--
-- Table structure for table `forgottenpasswords`
--

DROP TABLE IF EXISTS `forgottenpasswords`;
/*!40101 SET @saved_cs_client     = @@character_set_client */;
/*!40101 SET character_set_client = utf8 */;
CREATE TABLE `forgottenpasswords` (
  `username` varchar(50) NOT NULL,
  `tempPassword` varchar(50) NOT NULL,
  `numOfRequests` tinyint(4) DEFAULT NULL,
  `createdOn` timestamp NOT NULL DEFAULT '0000-00-00 00:00:00',
  `updatedOn` timestamp NOT NULL DEFAULT CURRENT_TIMESTAMP ON UPDATE CURRENT_TIMESTAMP,
  PRIMARY KEY (`username`)
) ENGINE=InnoDB DEFAULT CHARSET=utf8;
/*!40101 SET character_set_client = @saved_cs_client */;

--
-- Dumping data for table `forgottenpasswords`
--

LOCK TABLES `forgottenpasswords` WRITE;
/*!40000 ALTER TABLE `forgottenpasswords` DISABLE KEYS */;
INSERT INTO `forgottenpasswords` VALUES ('kinsho','8bdd659454df000dda6721e217aaa204',4,'2013-11-08 06:59:41','2013-11-15 04:51:00');
/*!40000 ALTER TABLE `forgottenpasswords` ENABLE KEYS */;
UNLOCK TABLES;

--
-- Table structure for table `games`
--

DROP TABLE IF EXISTS `games`;
/*!40101 SET @saved_cs_client     = @@character_set_client */;
/*!40101 SET character_set_client = utf8 */;
CREATE TABLE `games` (
  `id` int(10) unsigned NOT NULL AUTO_INCREMENT,
  `homeTeam` tinyint(1) unsigned NOT NULL,
  `awayTeam` tinyint(1) unsigned NOT NULL,
  `underdog` tinyint(1) unsigned DEFAULT NULL,
  `spread` decimal(3,1) DEFAULT NULL,
  `didUnderdogWin` tinyint(1) DEFAULT NULL,
  `week` tinyint(1) unsigned NOT NULL DEFAULT '1',
  `kickoffTime` datetime NOT NULL,
  `createdOn` timestamp NOT NULL DEFAULT '0000-00-00 00:00:00',
  `updatedOn` timestamp NOT NULL DEFAULT CURRENT_TIMESTAMP ON UPDATE CURRENT_TIMESTAMP,
  PRIMARY KEY (`id`)
) ENGINE=InnoDB AUTO_INCREMENT=325 DEFAULT CHARSET=latin1;
/*!40101 SET character_set_client = @saved_cs_client */;

--
-- Dumping data for table `games`
--

LOCK TABLES `games` WRITE;
/*!40000 ALTER TABLE `games` DISABLE KEYS */;
INSERT INTO `games` VALUES (1,29,21,21,9.0,0,1,'2013-09-05 20:30:00','2013-08-14 23:18:33','2013-08-28 17:47:43'),(2,20,18,20,10.5,0,1,'2013-09-08 13:00:00','2013-08-14 23:36:19','2013-08-28 17:54:31'),(3,22,27,27,7.0,0,1,'2013-09-08 13:00:00','2013-08-14 23:36:45','2013-08-28 17:58:03'),(4,9,10,10,3.0,0,1,'2013-09-08 13:00:00','2013-08-14 23:37:02','2013-08-28 17:54:57'),(5,17,11,17,3.0,0,1,'2013-09-08 13:00:00','2013-08-14 23:37:21','2013-08-28 18:00:08'),(6,28,31,28,3.5,0,1,'2013-09-08 13:00:00','2013-08-14 23:38:04','2013-08-28 17:58:53'),(7,12,14,12,3.0,0,1,'2013-09-08 13:00:00','2013-08-14 23:39:20','2013-08-28 17:59:15'),(8,6,24,24,3.0,0,1,'2013-09-08 13:00:00','2013-08-14 23:39:38','2013-08-28 17:59:48'),(9,23,19,19,0.5,0,1,'2013-09-08 13:00:00','2013-08-14 23:40:03','2013-08-28 18:05:48'),(10,7,8,8,4.5,0,1,'2013-09-08 13:00:00','2013-08-14 23:40:22','2013-08-28 17:55:31'),(11,25,30,30,9.0,0,1,'2013-09-08 13:00:00','2013-08-14 23:40:40','2013-08-28 17:56:46'),(12,13,5,5,4.5,0,1,'2013-09-08 16:25:00','2013-08-14 23:41:18','2013-08-28 18:06:17'),(13,16,15,15,4.5,0,1,'2013-09-08 16:25:00','2013-08-14 23:43:46','2013-08-28 18:06:40'),(14,3,1,1,3.0,0,1,'2013-09-08 20:30:00','2013-08-14 23:44:33','2013-08-28 18:07:23'),(15,4,2,2,3.5,0,1,'2013-09-09 19:10:00','2013-08-14 23:45:08','2013-08-28 18:08:16'),(16,32,26,32,3.0,0,1,'2013-09-09 22:20:00','2013-08-14 23:45:40','2013-08-28 18:08:31'),(17,17,18,17,3.5,0,2,'2013-09-12 20:25:00','2013-08-16 03:19:38','2013-10-18 21:46:02'),(18,10,16,16,6.5,0,2,'2013-09-15 13:00:00','2013-08-16 03:22:25','2013-09-16 01:58:37'),(19,2,32,32,7.5,0,2,'2013-09-15 13:00:00','2013-08-16 03:25:33','2013-09-16 02:00:24'),(20,31,3,3,3.5,0,2,'2013-09-15 13:00:00','2013-08-16 03:25:45','2013-09-16 01:59:40'),(21,25,19,19,3.5,0,2,'2013-09-15 13:00:00','2013-08-16 03:29:35','2013-09-16 01:58:07'),(22,26,27,27,9.5,0,2,'2013-09-15 13:00:00','2013-08-16 03:30:37','2013-09-16 02:02:15'),(23,5,4,4,7.5,0,2,'2013-09-15 13:00:00','2013-08-16 03:31:00','2013-09-16 02:00:49'),(24,21,23,23,6.5,0,2,'2013-09-15 13:00:00','2013-08-16 03:31:27','2013-09-16 02:00:08'),(25,20,12,20,3.5,0,2,'2013-09-15 13:00:00','2013-08-16 03:31:36','2013-09-16 01:59:15'),(26,6,8,8,6.5,0,2,'2013-09-15 13:00:00','2013-08-16 03:31:55','2013-09-16 02:01:42'),(27,11,9,11,3.5,0,2,'2013-09-15 16:05:00','2013-08-16 03:32:45','2013-09-16 02:03:00'),(28,15,7,15,1.5,0,2,'2013-09-15 16:05:00','2013-08-16 03:32:55','2013-09-16 02:02:33'),(29,30,28,28,5.5,0,2,'2013-09-15 16:25:00','2013-08-16 03:33:16','2013-09-16 02:03:24'),(30,1,29,1,4.5,0,2,'2013-09-15 16:25:00','2013-08-16 03:33:34','2013-09-16 02:03:39'),(31,14,13,13,3.5,0,2,'2013-09-15 20:30:00','2013-08-16 03:33:47','2013-09-16 02:04:01'),(32,24,22,22,7.5,0,2,'2013-09-16 20:40:00','2013-08-16 03:34:33','2013-09-16 02:04:17'),(33,2,31,NULL,NULL,0,3,'2013-09-19 20:25:00','2013-08-16 03:43:49','2013-08-16 03:43:49'),(34,21,26,NULL,NULL,0,3,'2013-09-22 13:00:00','2013-08-16 03:44:22','2013-08-16 03:44:22'),(35,12,1,NULL,NULL,0,3,'2013-09-22 13:00:00','2013-08-16 03:45:45','2013-08-16 03:45:45'),(36,4,7,NULL,NULL,0,3,'2013-09-22 13:00:00','2013-08-16 03:45:55','2013-08-16 03:45:55'),(37,27,32,NULL,NULL,0,3,'2013-09-22 13:00:00','2013-08-16 03:46:06','2013-08-16 03:46:06'),(38,9,15,NULL,NULL,0,3,'2013-09-22 13:00:00','2013-08-16 03:46:32','2013-08-16 03:46:32'),(39,18,11,NULL,NULL,0,3,'2013-09-22 13:00:00','2013-08-16 03:46:45','2013-08-16 03:46:45'),(40,24,5,NULL,NULL,0,3,'2013-09-22 13:00:00','2013-08-16 03:46:58','2013-08-16 03:46:58'),(41,3,16,NULL,NULL,0,3,'2013-09-22 13:00:00','2013-08-16 03:47:21','2013-08-16 03:47:21'),(42,8,23,NULL,NULL,0,3,'2013-09-22 13:00:00','2013-08-16 03:47:35','2013-08-16 03:47:35'),(43,19,10,NULL,NULL,0,3,'2013-09-22 16:05:00','2013-08-16 03:47:58','2013-08-16 03:47:58'),(44,17,20,NULL,NULL,0,3,'2013-09-22 16:25:00','2013-08-16 03:48:26','2013-08-16 03:48:26'),(45,13,25,NULL,NULL,0,3,'2013-09-22 16:25:00','2013-08-16 03:48:38','2013-08-16 03:48:38'),(46,14,28,NULL,NULL,0,3,'2013-09-22 16:25:00','2013-08-16 03:49:11','2013-08-16 03:49:11'),(47,22,6,NULL,NULL,0,3,'2013-09-22 20:30:00','2013-08-16 03:49:53','2013-08-16 03:49:53'),(48,29,30,NULL,NULL,0,3,'2013-09-23 20:40:00','2013-08-16 03:50:17','2013-08-16 03:50:17'),(49,16,13,NULL,NULL,0,4,'2013-09-26 20:25:00','2013-08-16 08:19:01','2013-08-16 08:48:53'),(50,20,21,NULL,NULL,0,4,'2013-09-29 13:00:00','2013-08-16 08:19:22','2013-08-16 08:48:53'),(51,11,15,NULL,NULL,0,4,'2013-09-29 13:00:00','2013-08-16 08:20:33','2013-08-16 08:48:53'),(52,8,22,NULL,NULL,0,4,'2013-09-29 13:00:00','2013-08-16 08:20:44','2013-08-16 08:48:53'),(53,31,1,NULL,NULL,0,4,'2013-09-29 13:00:00','2013-08-16 08:20:56','2013-08-16 08:48:53'),(54,28,25,NULL,NULL,0,4,'2013-09-29 13:00:00','2013-08-16 08:21:06','2013-08-16 08:48:53'),(55,26,14,NULL,NULL,0,4,'2013-09-29 13:00:00','2013-08-16 08:21:23','2013-08-16 08:48:53'),(56,23,24,NULL,NULL,0,4,'2013-09-29 13:00:00','2013-08-16 08:21:41','2013-08-16 08:48:53'),(57,7,6,NULL,NULL,0,4,'2013-09-29 13:00:00','2013-08-16 08:21:58','2013-08-16 08:48:53'),(58,27,17,NULL,NULL,0,4,'2013-09-29 16:05:00','2013-08-16 08:22:18','2013-08-16 08:48:53'),(59,30,4,NULL,NULL,0,4,'2013-09-29 16:25:00','2013-08-16 08:22:33','2013-08-16 08:48:53'),(60,29,2,NULL,NULL,0,4,'2013-09-29 16:25:00','2013-08-16 08:22:45','2013-08-16 08:48:53'),(61,32,3,NULL,NULL,0,4,'2013-09-29 16:25:00','2013-08-16 08:23:10','2013-08-16 08:48:53'),(62,10,18,NULL,NULL,0,4,'2013-09-29 18:30:00','2013-08-16 08:23:33','2013-08-16 08:48:53'),(63,9,19,NULL,NULL,0,4,'2013-09-30 20:40:00','2013-08-16 08:24:02','2013-08-16 08:48:53'),(64,23,20,NULL,NULL,0,5,'2013-10-03 20:25:00','2013-08-16 08:24:56','2013-08-16 08:49:35'),(65,24,18,NULL,NULL,0,5,'2013-10-06 13:00:00','2013-08-16 08:26:37','2013-08-16 08:49:35'),(66,5,7,NULL,NULL,0,5,'2013-10-06 13:00:00','2013-08-16 08:26:49','2013-08-16 08:49:35'),(67,25,14,NULL,NULL,0,5,'2013-10-06 13:00:00','2013-08-16 08:27:02','2013-08-16 08:49:35'),(68,19,21,NULL,NULL,0,5,'2013-10-06 13:00:00','2013-08-16 08:27:12','2013-08-16 08:49:35'),(69,6,9,NULL,NULL,0,5,'2013-10-06 13:00:00','2013-08-16 08:27:26','2013-08-16 08:49:35'),(70,1,2,NULL,NULL,0,5,'2013-10-06 13:00:00','2013-08-16 08:27:36','2013-08-16 08:49:35'),(71,27,31,NULL,NULL,0,5,'2013-10-06 13:00:00','2013-08-16 08:27:46','2013-08-16 08:49:35'),(72,16,28,NULL,NULL,0,5,'2013-10-06 13:00:00','2013-08-16 08:28:02','2013-08-16 08:49:35'),(73,15,12,NULL,NULL,0,5,'2013-10-06 16:05:00','2013-08-16 08:28:28','2013-08-16 08:49:35'),(74,3,29,NULL,NULL,0,5,'2013-10-06 16:25:00','2013-08-16 08:28:48','2013-08-16 08:49:35'),(75,30,32,NULL,NULL,0,5,'2013-10-06 16:25:00','2013-08-16 08:29:00','2013-08-16 08:49:35'),(76,13,26,NULL,NULL,0,5,'2013-10-06 20:30:00','2013-08-16 08:29:29','2013-08-16 08:49:35'),(77,10,17,NULL,NULL,0,5,'2013-10-07 20:40:00','2013-08-16 08:29:49','2013-08-16 08:49:35'),(78,6,1,NULL,NULL,0,6,'2013-10-10 20:25:00','2013-08-16 08:30:42','2013-08-16 08:32:43'),(79,21,5,NULL,NULL,0,6,'2013-10-13 13:00:00','2013-08-16 08:33:28','2013-08-16 08:33:28'),(80,20,24,NULL,NULL,0,6,'2013-10-13 13:00:00','2013-08-16 08:33:41','2013-08-16 08:33:41'),(81,23,7,NULL,NULL,0,6,'2013-10-13 13:00:00','2013-08-16 08:33:51','2013-08-16 08:33:51'),(82,26,16,NULL,NULL,0,6,'2013-10-13 13:00:00','2013-08-16 08:33:59','2013-08-16 08:33:59'),(83,8,12,NULL,NULL,0,6,'2013-10-13 13:00:00','2013-08-16 08:34:09','2013-08-16 08:34:09'),(84,31,30,NULL,NULL,0,6,'2013-10-13 13:00:00','2013-08-16 08:34:18','2013-08-16 08:34:18'),(85,17,22,NULL,NULL,0,6,'2013-10-13 13:00:00','2013-08-16 08:34:30','2013-08-16 08:34:30'),(86,11,2,NULL,NULL,0,6,'2013-10-13 13:00:00','2013-08-16 08:34:47','2013-08-16 08:34:47'),(87,29,28,NULL,NULL,0,6,'2013-10-13 16:05:00','2013-08-16 08:35:10','2013-08-16 08:35:10'),(88,14,27,NULL,NULL,0,6,'2013-10-13 16:05:00','2013-08-16 08:35:23','2013-08-16 08:35:23'),(89,18,9,NULL,NULL,0,6,'2013-10-13 16:25:00','2013-08-16 08:35:41','2013-08-16 08:35:41'),(90,13,15,NULL,NULL,0,6,'2013-10-13 16:25:00','2013-08-16 08:35:51','2013-08-16 08:35:51'),(91,3,4,NULL,NULL,0,6,'2013-10-13 20:30:00','2013-08-16 08:36:13','2013-08-16 08:36:13'),(92,32,25,NULL,NULL,0,6,'2013-10-14 20:40:00','2013-08-16 08:36:45','2013-08-16 08:36:45'),(93,15,14,15,5.5,0,7,'2013-10-17 20:25:00','2013-08-16 08:51:20','2013-10-19 03:07:13'),(94,10,11,11,7.0,0,7,'2013-10-20 13:00:00','2013-08-16 08:51:44','2013-10-19 03:12:25'),(95,4,6,6,1.0,0,7,'2013-10-20 13:00:00','2013-08-16 08:51:54','2013-10-19 03:12:25'),(96,2,3,3,3.0,0,7,'2013-10-20 13:00:00','2013-08-16 08:52:05','2013-10-19 03:12:25'),(97,17,18,17,3.5,0,7,'2013-10-20 13:00:00','2013-08-16 08:52:15','2013-10-19 03:07:13'),(98,19,20,20,7.0,0,7,'2013-10-20 13:00:00','2013-08-16 08:52:26','2013-10-19 03:12:25'),(99,12,16,16,6.5,0,7,'2013-10-20 13:00:00','2013-08-16 08:52:37','2013-10-19 03:12:25'),(100,7,24,24,2.5,0,7,'2013-10-20 13:00:00','2013-08-16 08:52:54','2013-10-19 03:12:25'),(101,28,32,28,7.5,0,7,'2013-10-20 13:00:00','2013-08-16 08:53:16','2013-10-19 03:07:14'),(102,31,26,26,6.5,0,7,'2013-10-20 13:00:00','2013-08-16 08:53:25','2013-10-19 03:12:25'),(103,27,13,27,3.5,0,7,'2013-10-20 16:05:00','2013-08-16 08:53:35','2013-10-19 03:07:14'),(104,5,23,23,10.0,0,7,'2013-10-20 16:25:00','2013-08-16 08:55:01','2013-10-19 03:12:25'),(105,22,21,21,2.5,0,7,'2013-10-20 16:25:00','2013-08-16 08:55:20','2013-10-19 03:12:25'),(106,25,29,25,6.5,0,7,'2013-10-20 20:30:00','2013-08-16 08:55:50','2013-10-19 03:07:14'),(107,1,8,8,3.5,0,7,'2013-10-21 20:40:00','2013-08-16 08:56:14','2013-10-19 03:12:25'),(108,11,12,11,6.0,0,8,'2013-10-24 20:25:00','2013-08-16 08:57:33','2013-10-24 02:14:19'),(109,28,13,28,17.0,0,8,'2013-10-27 13:00:00','2013-08-16 08:58:11','2013-10-24 02:14:19'),(110,31,23,23,7.5,0,8,'2013-10-27 13:00:00','2013-08-16 08:58:20','2013-10-24 02:14:19'),(111,18,19,19,6.5,0,8,'2013-10-27 13:00:00','2013-08-16 08:58:30','2013-10-24 02:14:19'),(112,9,20,20,11.5,0,8,'2013-10-27 13:00:00','2013-08-16 08:58:42','2013-10-24 02:14:19'),(113,7,3,3,3.0,0,8,'2013-10-27 13:00:00','2013-08-16 08:58:52','2013-10-24 02:14:19'),(114,2,1,1,5.5,0,8,'2013-10-27 13:00:00','2013-08-16 08:59:07','2013-10-24 02:14:19'),(115,30,22,30,2.5,0,8,'2013-10-27 16:05:00','2013-08-16 08:59:30','2013-10-24 02:14:19'),(116,24,17,17,6.5,0,8,'2013-10-27 16:05:00','2013-08-16 08:59:53','2013-10-24 02:14:19'),(117,15,10,10,2.5,0,8,'2013-10-27 16:25:00','2013-08-16 09:00:10','2013-10-24 02:14:19'),(118,29,4,4,13.0,0,8,'2013-10-27 16:25:00','2013-08-16 09:00:24','2013-10-24 02:14:19'),(119,8,5,8,9.0,0,8,'2013-10-27 20:30:00','2013-08-16 09:00:50','2013-10-24 02:14:19'),(120,16,14,16,10.5,0,8,'2013-10-28 20:40:00','2013-08-16 09:01:33','2013-10-24 02:14:19'),(121,19,24,19,3.0,0,9,'2013-10-31 20:25:00','2013-08-27 17:38:47','2013-10-31 04:29:42'),(122,12,10,10,7.5,0,9,'2013-11-03 13:00:00','2013-08-27 18:59:38','2013-10-31 04:29:42'),(123,3,8,8,10.5,0,9,'2013-11-03 13:00:00','2013-08-27 18:59:56','2013-10-31 04:29:42'),(124,17,9,17,6.0,0,9,'2013-11-03 13:00:00','2013-08-27 19:00:06','2013-10-31 04:29:42'),(125,16,27,16,3.0,0,9,'2013-11-03 13:00:00','2013-08-27 19:00:16','2013-10-31 04:29:42'),(126,20,31,20,3.0,0,9,'2013-11-03 13:00:00','2013-08-27 19:00:27','2013-10-31 04:29:42'),(127,4,32,4,1.0,0,9,'2013-11-03 13:00:00','2013-08-27 19:00:39','2013-10-31 04:29:42'),(128,30,2,2,2.5,0,9,'2013-11-03 16:05:00','2013-08-27 19:00:57','2013-10-31 04:29:42'),(129,14,11,11,16.0,0,9,'2013-11-03 16:05:00','2013-08-27 19:01:11','2013-10-31 04:29:42'),(130,23,21,23,2.5,0,9,'2013-11-03 16:25:00','2013-08-27 19:01:28','2013-10-31 04:29:42'),(131,18,22,22,6.5,0,9,'2013-11-03 16:25:00','2013-08-27 19:01:41','2013-10-31 04:29:42'),(132,26,25,26,2.5,0,9,'2013-11-03 20:30:00','2013-08-27 19:02:02','2013-10-31 04:29:42'),(133,5,6,6,10.5,0,9,'2013-11-04 20:40:00','2013-08-27 19:02:23','2013-10-31 04:29:42'),(134,8,4,8,1.5,0,10,'2013-11-07 20:25:00','2013-08-27 19:06:23','2013-11-08 04:32:22'),(135,5,2,2,1.0,0,10,'2013-11-10 13:00:00','2013-08-27 19:06:46','2013-11-08 04:32:22'),(136,27,28,28,13.0,0,10,'2013-11-10 13:00:00','2013-08-27 19:07:31','2013-11-08 04:32:22'),(137,22,20,20,3.0,0,10,'2013-11-10 13:00:00','2013-08-27 19:07:47','2013-11-08 04:32:22'),(138,1,30,30,7.0,0,10,'2013-11-10 13:00:00','2013-08-27 19:07:57','2013-11-08 04:32:22'),(139,25,16,16,9.5,0,10,'2013-11-10 13:00:00','2013-08-27 19:08:33','2013-11-08 04:32:22'),(140,10,14,10,5.5,0,10,'2013-11-10 13:00:00','2013-08-27 19:08:50','2013-11-08 04:32:22'),(141,21,24,21,1.5,0,10,'2013-11-10 13:00:00','2013-08-27 19:09:03','2013-11-08 04:32:22'),(142,6,7,7,1.0,0,10,'2013-11-10 13:00:00','2013-08-27 19:09:12','2013-11-08 04:32:22'),(143,13,12,12,6.0,0,10,'2013-11-10 16:05:00','2013-08-27 19:09:46','2013-11-08 04:32:22'),(144,15,26,26,3.0,0,10,'2013-11-10 16:25:00','2013-08-27 19:10:01','2013-11-08 04:32:22'),(145,32,29,32,7.0,0,10,'2013-11-10 16:25:00','2013-08-27 19:10:15','2013-11-08 04:32:22'),(146,9,3,3,6.5,0,10,'2013-11-10 20:30:00','2013-08-27 19:10:31','2013-11-08 04:32:22'),(147,11,19,11,2.5,0,10,'2013-11-11 20:40:00','2013-08-27 19:10:58','2013-11-08 04:32:22'),(148,27,25,27,3.0,0,11,'2013-11-14 20:25:00','2013-08-27 19:13:02','2013-11-13 18:36:47'),(149,20,17,17,1.0,0,11,'2013-11-17 13:00:00','2013-08-27 19:13:39','2013-11-13 18:36:47'),(150,11,10,11,1.5,0,11,'2013-11-17 13:00:00','2013-08-27 19:14:02','2013-11-13 18:36:47'),(151,22,7,22,2.5,0,11,'2013-11-17 13:00:00','2013-08-27 19:15:08','2013-11-13 18:36:47'),(152,2,4,4,3.5,0,11,'2013-11-17 13:00:00','2013-08-27 19:15:25','2013-11-13 18:36:47'),(153,19,32,19,1.5,0,11,'2013-11-17 13:00:00','2013-08-27 19:15:40','2013-11-13 18:36:47'),(154,6,21,21,3.0,0,11,'2013-11-17 13:00:00','2013-08-27 19:15:48','2013-11-13 18:36:47'),(155,24,23,23,5.5,0,11,'2013-11-17 13:00:00','2013-08-27 19:16:00','2013-11-13 18:36:47'),(156,26,30,30,7.0,0,11,'2013-11-17 13:00:00','2013-08-27 19:16:23','2013-11-13 18:36:47'),(157,28,15,28,7.0,0,11,'2013-11-17 13:00:00','2013-08-27 19:16:38','2013-11-13 18:36:47'),(158,29,31,31,8.0,0,11,'2013-11-17 16:05:00','2013-08-27 19:17:12','2013-11-13 18:36:47'),(159,14,8,8,12.5,0,11,'2013-11-17 16:25:00','2013-08-27 19:17:41','2013-11-13 18:36:47'),(160,9,13,13,3.0,0,11,'2013-11-17 16:25:00','2013-08-27 19:17:55','2013-11-13 18:36:47'),(161,1,5,5,5.0,0,11,'2013-11-17 20:30:00','2013-08-27 19:18:23','2013-11-13 18:36:47'),(162,12,18,18,2.5,0,11,'2013-11-18 20:40:00','2013-08-27 19:18:53','2013-11-13 18:36:47'),(163,10,9,NULL,NULL,0,12,'2013-11-21 20:25:00','2013-08-27 20:13:44','2013-08-27 20:13:44'),(164,7,11,NULL,NULL,0,12,'2013-11-24 13:00:00','2013-08-27 20:14:04','2013-08-27 20:14:04'),(165,5,8,NULL,NULL,0,12,'2013-11-24 13:00:00','2013-08-27 20:14:13','2013-08-27 20:14:13'),(166,26,28,NULL,NULL,0,12,'2013-11-24 13:00:00','2013-08-27 20:14:24','2013-08-27 20:14:24'),(167,31,32,NULL,NULL,0,12,'2013-11-24 13:00:00','2013-08-27 20:14:34','2013-08-27 20:14:34'),(168,19,12,NULL,NULL,0,12,'2013-11-24 13:00:00','2013-08-27 20:14:46','2013-08-27 20:14:46'),(169,23,22,NULL,NULL,0,12,'2013-11-24 13:00:00','2013-08-27 20:15:04','2013-08-27 20:15:04'),(170,16,6,NULL,NULL,0,12,'2013-11-24 13:00:00','2013-08-27 20:15:14','2013-08-27 20:15:14'),(171,21,17,NULL,NULL,0,12,'2013-11-24 13:00:00','2013-08-27 20:15:22','2013-08-27 20:15:22'),(172,30,27,NULL,NULL,0,12,'2013-11-24 16:05:00','2013-08-27 20:15:50','2013-08-27 20:15:50'),(173,15,25,NULL,NULL,0,12,'2013-11-24 16:05:00','2013-08-27 20:16:01','2013-08-27 20:16:01'),(174,1,3,NULL,NULL,0,12,'2013-11-24 16:25:00','2013-08-27 20:16:14','2013-08-27 20:16:14'),(175,18,29,NULL,NULL,0,12,'2013-11-24 20:30:00','2013-08-27 20:16:30','2013-08-27 20:16:30'),(176,4,13,NULL,NULL,0,12,'2013-11-25 20:40:00','2013-08-27 20:16:57','2013-08-27 20:16:57'),(177,7,5,5,6.0,0,13,'2013-11-28 12:30:00','2013-08-28 02:46:31','2013-11-26 18:25:21'),(178,3,30,30,9.5,0,13,'2013-11-28 16:30:00','2013-08-28 02:46:59','2013-11-26 18:25:21'),(179,21,22,22,3.0,0,13,'2013-11-28 20:30:00','2013-08-28 02:47:21','2013-11-26 18:25:21'),(180,31,29,31,4.5,0,13,'2013-12-01 13:00:00','2013-08-28 02:47:50','2013-11-26 18:25:21'),(181,25,27,27,4.0,0,13,'2013-12-01 13:00:00','2013-08-28 02:48:56','2013-11-26 18:25:21'),(182,23,28,28,7.0,0,13,'2013-12-01 13:00:00','2013-08-28 02:49:05','2013-11-26 18:25:21'),(183,12,11,11,8.5,0,13,'2013-12-01 13:00:00','2013-08-28 02:49:16','2013-11-26 18:25:21'),(184,8,6,6,1.0,0,13,'2013-12-01 13:00:00','2013-08-28 02:49:28','2013-11-26 18:25:21'),(185,2,15,15,3.5,0,13,'2013-12-01 13:00:00','2013-08-28 02:49:47','2013-11-26 18:25:21'),(186,17,19,19,1.5,0,13,'2013-12-01 13:00:00','2013-08-28 02:50:00','2013-11-26 18:25:21'),(187,20,10,10,3.5,0,13,'2013-12-01 16:05:00','2013-08-28 02:50:22','2013-11-26 18:25:21'),(188,13,16,16,9.0,0,13,'2013-12-01 16:05:00','2013-08-28 02:50:38','2013-11-26 18:25:21'),(189,26,18,26,7.5,0,13,'2013-12-01 16:25:00','2013-08-28 02:50:56','2013-11-26 18:25:21'),(190,32,24,24,1.0,0,13,'2013-12-01 16:25:00','2013-08-28 02:51:10','2013-11-26 18:25:21'),(191,4,1,4,1.0,0,13,'2013-12-01 20:30:00','2013-08-28 02:51:29','2013-11-26 18:25:21'),(192,14,9,9,6.0,0,13,'2013-12-02 20:40:00','2013-08-28 02:51:47','2013-11-26 18:25:21'),(193,28,26,28,3.0,0,14,'2013-12-05 20:25:00','2013-08-28 03:37:47','2013-12-05 15:10:34'),(194,24,25,25,6.0,0,14,'2013-12-08 13:00:00','2013-08-28 03:38:16','2013-12-05 15:10:34'),(195,18,23,23,11.5,0,14,'2013-12-08 13:00:00','2013-08-28 03:38:26','2013-12-05 15:10:34'),(196,17,30,30,2.5,0,14,'2013-12-08 13:00:00','2013-08-28 03:38:37','2013-12-05 15:10:34'),(197,9,12,12,3.0,0,14,'2013-12-08 13:00:00','2013-08-28 03:38:57','2013-12-05 15:10:34'),(198,2,7,7,2.5,0,14,'2013-12-08 13:00:00','2013-08-28 03:39:08','2013-12-05 15:10:34'),(199,22,19,19,3.0,0,14,'2013-12-08 13:00:00','2013-08-28 03:39:28','2013-12-05 15:10:34'),(200,11,20,20,2.5,0,14,'2013-12-08 13:00:00','2013-08-28 03:39:52','2013-12-05 15:10:34'),(201,4,31,4,3.0,0,14,'2013-12-08 13:00:00','2013-08-28 03:40:10','2013-12-05 15:10:34'),(202,21,8,8,7.0,0,14,'2013-12-08 13:00:00','2013-08-28 03:40:29','2013-12-05 15:10:34'),(203,29,27,27,12.0,0,14,'2013-12-08 16:05:00','2013-08-28 03:41:34','2013-12-05 15:10:34'),(204,15,16,16,6.5,0,14,'2013-12-08 16:25:00','2013-08-28 03:41:47','2013-12-05 15:10:34'),(205,32,1,1,3.0,0,14,'2013-12-08 16:25:00','2013-08-28 03:44:32','2013-12-05 15:10:34'),(206,13,14,14,2.5,0,14,'2013-12-08 16:25:00','2013-08-28 03:44:49','2013-12-05 15:10:34'),(207,5,10,10,1.0,0,14,'2013-12-08 20:30:00','2013-08-28 03:45:09','2013-12-05 15:10:34'),(208,6,3,3,1.0,0,14,'2013-12-09 20:40:00','2013-08-28 03:45:29','2013-12-05 15:10:34'),(209,29,32,32,10.0,1,15,'2013-12-12 20:25:00','2013-08-28 03:46:33','2013-12-23 03:45:42'),(210,10,4,4,7.0,0,15,'2013-12-15 13:00:00','2013-08-28 03:49:07','2013-12-13 10:42:59'),(211,27,15,27,3.0,0,15,'2013-12-15 16:25:00','2013-08-28 03:49:22','2013-12-13 10:42:59'),(212,11,13,11,5.0,0,15,'2013-12-15 13:00:00','2013-08-28 03:49:35','2013-12-13 10:42:59'),(213,16,9,16,6.0,0,15,'2013-12-15 16:25:00','2013-08-28 03:49:46','2013-12-13 10:42:59'),(214,1,14,1,7.0,0,15,'2013-12-15 13:00:00','2013-08-28 03:49:57','2013-12-13 10:42:59'),(215,23,6,23,1.0,0,15,'2013-12-15 13:00:00','2013-08-28 03:50:09','2013-12-13 10:42:59'),(216,25,26,26,5.5,0,15,'2013-12-15 13:00:00','2013-08-28 03:50:22','2013-12-13 10:42:59'),(217,28,20,28,2.0,0,15,'2013-12-15 13:00:00','2013-08-28 03:50:37','2013-12-13 10:42:59'),(218,19,18,19,1.0,0,15,'2013-12-15 13:00:00','2013-08-28 03:51:19','2013-12-13 10:42:59'),(219,8,2,8,5.0,0,15,'2013-12-15 13:00:00','2013-08-28 03:51:39','2013-12-13 10:42:59'),(220,30,31,30,4.5,0,15,'2013-12-15 16:05:00','2013-08-28 03:52:13','2013-12-13 10:42:59'),(221,12,17,17,11.0,0,15,'2013-12-15 16:05:00','2013-08-28 03:52:32','2013-12-13 10:42:59'),(222,3,5,5,7.0,0,15,'2013-12-15 16:25:00','2013-08-28 03:52:53','2013-12-13 10:42:59'),(223,22,24,22,2.5,0,15,'2013-12-15 20:30:00','2013-08-28 03:53:15','2013-12-13 10:42:59'),(224,7,21,21,6.0,0,15,'2013-12-16 20:40:00','2013-08-28 03:53:41','2013-12-13 10:42:59'),(257,0,0,NULL,NULL,0,1,'2013-09-05 20:30:00','2013-08-28 17:00:26','2013-08-28 17:00:26'),(258,0,0,NULL,NULL,0,2,'2013-09-12 20:25:00','2013-08-28 17:01:21','2013-08-28 17:01:21'),(259,0,0,NULL,NULL,0,3,'2013-09-19 20:25:00','2013-08-28 17:01:43','2013-08-28 17:01:43'),(260,0,0,NULL,NULL,0,4,'2013-09-26 20:25:00','2013-08-28 17:02:03','2013-08-28 17:02:03'),(261,0,0,NULL,NULL,0,5,'2013-10-03 20:25:00','2013-08-28 17:03:07','2013-08-28 17:03:07'),(262,0,0,NULL,NULL,0,6,'2013-10-10 20:25:00','2013-08-28 17:03:37','2013-08-28 17:03:37'),(263,0,0,NULL,NULL,0,7,'2013-10-17 20:25:00','2013-08-28 17:04:35','2013-08-28 17:04:35'),(264,0,0,NULL,NULL,0,8,'2013-10-24 20:25:00','2013-08-28 17:04:49','2013-08-28 17:04:49'),(265,0,0,NULL,NULL,0,9,'2013-10-31 20:25:00','2013-08-28 17:05:00','2013-08-28 17:05:00'),(266,0,0,NULL,NULL,0,10,'2013-11-07 20:25:00','2013-08-28 17:06:19','2013-08-28 17:06:19'),(267,0,0,NULL,NULL,0,11,'2013-11-14 20:25:00','2013-08-28 17:06:26','2013-08-28 17:06:26'),(268,0,0,NULL,NULL,0,12,'2013-11-21 20:25:00','2013-08-28 17:06:37','2013-08-28 17:06:37'),(269,0,0,NULL,NULL,0,13,'2013-11-28 12:30:00','2013-08-28 17:07:15','2013-08-28 17:07:15'),(270,0,0,NULL,NULL,0,14,'2013-12-05 20:25:00','2013-08-28 17:08:09','2013-08-28 17:08:09'),(271,0,0,NULL,NULL,0,15,'2013-12-12 20:25:00','2013-08-28 17:08:28','2013-08-28 17:08:28'),(290,20,19,20,1.0,1,16,'2013-12-22 13:00:00','2013-12-13 11:38:58','2013-12-23 03:53:37'),(291,12,9,9,3.5,0,16,'2013-12-22 13:00:00','2013-12-13 11:38:58','2013-12-22 20:17:14'),(292,24,8,8,7.5,0,16,'2013-12-22 13:00:00','2013-12-13 11:38:58','2013-12-22 20:17:14'),(293,26,29,26,10.0,0,16,'2013-12-22 13:00:00','2013-12-13 11:38:58','2013-12-22 20:17:14'),(294,28,27,28,4.0,0,16,'2013-12-22 13:00:00','2013-12-13 11:38:58','2013-12-22 20:17:14'),(295,31,25,25,7.5,1,16,'2013-12-22 13:00:00','2013-12-13 11:38:58','2013-12-23 03:53:37'),(296,4,3,4,3.0,0,16,'2013-12-22 13:00:00','2013-12-13 11:38:58','2013-12-18 18:12:40'),(297,17,23,23,2.0,0,16,'2013-12-22 13:00:00','2013-12-13 11:38:58','2013-12-22 20:17:14'),(298,16,11,11,3.5,0,16,'2013-12-22 13:00:00','2013-12-13 11:38:58','2013-12-22 20:17:14'),(299,14,15,15,9.5,1,16,'2013-12-22 16:05:00','2013-12-13 11:38:58','2013-12-23 03:53:37'),(300,7,1,1,9.5,1,16,'2013-12-22 16:05:00','2013-12-13 11:38:58','2013-12-23 04:00:49'),(301,21,18,21,1.0,0,16,'2013-12-22 16:25:00','2013-12-13 11:38:58','2013-12-22 20:17:14'),(302,32,30,30,10.0,0,16,'2013-12-22 16:25:00','2013-12-13 11:38:58','2013-12-23 03:44:03'),(303,5,22,5,1.0,0,16,'2013-12-22 16:25:00','2013-12-13 11:38:58','2013-12-23 03:44:03'),(304,2,6,6,3.0,0,16,'2013-12-22 20:30:00','2013-12-13 11:38:58','2013-12-18 18:12:40'),(305,13,10,10,14.5,0,16,'2013-12-23 20:40:00','2013-12-13 11:38:58','2013-12-23 03:44:03'),(306,10,12,10,7.0,NULL,17,'2013-12-29 13:00:00','2013-12-13 11:38:58','2013-12-25 00:37:51'),(307,6,5,5,3.5,NULL,17,'2013-12-29 16:25:00','2013-12-13 11:38:58','2013-12-25 00:37:51'),(308,27,26,26,7.0,NULL,17,'2013-12-29 13:00:00','2013-12-13 11:38:58','2013-12-25 00:37:51'),(309,22,23,23,7.0,NULL,17,'2013-12-29 13:00:00','2013-12-13 11:38:58','2013-12-25 00:37:51'),(310,1,4,4,3.5,NULL,17,'2013-12-29 13:00:00','2013-12-13 11:38:59','2013-12-25 00:37:51'),(311,24,21,21,6.0,NULL,17,'2013-12-29 13:00:00','2013-12-13 11:38:59','2013-12-25 00:37:51'),(312,3,2,3,6.5,NULL,17,'2013-12-29 20:30:00','2013-12-13 11:38:59','2013-12-25 00:37:51'),(313,25,28,28,11.5,NULL,17,'2013-12-29 13:00:00','2013-12-13 11:38:59','2013-12-25 00:37:51'),(314,19,17,17,6.5,NULL,17,'2013-12-29 13:00:00','2013-12-13 11:38:59','2013-12-25 00:37:51'),(315,8,7,7,3.0,NULL,17,'2013-12-29 13:00:00','2013-12-13 11:38:59','2013-12-25 00:37:51'),(316,18,20,20,9.5,NULL,17,'2013-12-29 16:25:00','2013-12-13 11:38:59','2013-12-25 00:37:51'),(317,9,11,11,12.5,NULL,17,'2013-12-29 16:25:00','2013-12-13 11:38:59','2013-12-25 00:37:51'),(318,30,29,30,12.5,NULL,17,'2013-12-29 16:25:00','2013-12-13 11:38:59','2013-12-25 00:37:51'),(319,15,13,15,1.5,NULL,17,'2013-12-29 16:25:00','2013-12-13 11:38:59','2013-12-25 00:37:51'),(320,32,31,31,9.5,NULL,17,'2013-12-29 16:25:00','2013-12-13 11:38:59','2013-12-25 00:37:51'),(321,14,16,16,10.0,NULL,17,'2013-12-29 16:25:00','2013-12-13 11:38:59','2013-12-25 00:37:51'),(322,0,0,0,NULL,0,16,'2013-12-22 13:00:00','2013-12-18 18:22:15','2013-12-18 18:22:15'),(324,0,0,NULL,NULL,NULL,17,'2013-12-29 13:00:00','2013-12-24 22:56:28','2013-12-25 00:37:51');
/*!40000 ALTER TABLE `games` ENABLE KEYS */;
UNLOCK TABLES;

--
-- Table structure for table `teams`
--

DROP TABLE IF EXISTS `teams`;
/*!40101 SET @saved_cs_client     = @@character_set_client */;
/*!40101 SET character_set_client = utf8 */;
CREATE TABLE `teams` (
  `id` int(10) unsigned NOT NULL AUTO_INCREMENT,
  `market` varchar(50) NOT NULL,
  `name` varchar(50) NOT NULL,
  `updatedOn` timestamp NOT NULL DEFAULT CURRENT_TIMESTAMP ON UPDATE CURRENT_TIMESTAMP,
  PRIMARY KEY (`id`)
) ENGINE=InnoDB AUTO_INCREMENT=33 DEFAULT CHARSET=latin1;
/*!40101 SET character_set_client = @saved_cs_client */;

--
-- Dumping data for table `teams`
--

LOCK TABLES `teams` WRITE;
/*!40000 ALTER TABLE `teams` DISABLE KEYS */;
INSERT INTO `teams` VALUES (1,'New York','Giants','2013-08-14 23:50:37'),(2,'Philadelphia','Eagles','2013-08-14 23:51:41'),(3,'Dallas','Cowboys','2013-08-14 23:51:50'),(4,'Washington','Redskins','2013-08-14 23:52:02'),(5,'Green Bay','Packers','2013-08-14 23:52:15'),(6,'Chicago','Bears','2013-08-14 23:52:28'),(7,'Detroit','Lions','2013-08-14 23:53:19'),(8,'Minnesota','Vikings','2013-08-14 23:53:40'),(9,'New Orleans','Saints','2013-08-14 23:53:51'),(10,'Atlanta','Falcons','2013-08-14 23:54:03'),(11,'Tampa Bay','Buccaneers','2013-08-14 23:55:01'),(12,'Carolina','Panthers','2013-08-14 23:55:12'),(13,'San Francisco','49ers','2013-08-14 23:55:22'),(14,'Seattle','Seahawks','2013-08-14 23:55:33'),(15,'Arizona','Cardinals','2013-08-14 23:55:48'),(16,'St. Louis','Rams','2013-08-14 23:55:59'),(17,'New York','Jets','2013-08-14 23:56:19'),(18,'New England','Patriots','2013-08-14 23:56:28'),(19,'Miami','Dolphins','2013-08-14 23:56:39'),(20,'Buffalo','Bills','2013-08-14 23:56:49'),(21,'Baltimore','Ravens','2013-08-14 23:56:58'),(22,'Pittsburgh','Steelers','2013-08-14 23:57:07'),(23,'Cleveland','Browns','2013-08-14 23:57:56'),(24,'Cincinnati','Bengals','2013-08-14 23:58:06'),(25,'Indianapolis','Colts','2013-08-14 23:58:16'),(26,'Houston','Texans','2013-08-14 23:58:24'),(27,'Tennessee','Titans','2013-08-14 23:58:42'),(28,'Jacksonville','Jaguars','2013-08-14 23:58:51'),(29,'Denver','Broncos','2013-08-14 23:59:00'),(30,'Oakland','Raiders','2013-08-14 23:59:08'),(31,'Kansas City','Chiefs','2013-08-14 23:59:17'),(32,'San Diego','Chargers','2013-08-14 23:59:28');
/*!40000 ALTER TABLE `teams` ENABLE KEYS */;
UNLOCK TABLES;

--
-- Table structure for table `users`
--

DROP TABLE IF EXISTS `users`;
/*!40101 SET @saved_cs_client     = @@character_set_client */;
/*!40101 SET character_set_client = utf8 */;
CREATE TABLE `users` (
  `id` int(10) unsigned NOT NULL AUTO_INCREMENT,
  `firstName` varchar(50) NOT NULL DEFAULT '',
  `lastName` varchar(75) NOT NULL DEFAULT '',
  `address` varchar(255) NOT NULL,
  `city` varchar(100) NOT NULL,
  `state` char(2) NOT NULL,
  `birthMonth` int(10) unsigned NOT NULL,
  `birthDate` int(10) unsigned NOT NULL,
  `birthYear` int(10) unsigned NOT NULL,
  `userName` varchar(50) NOT NULL,
  `password` varchar(50) NOT NULL,
  `emailAddress` varchar(100) NOT NULL,
  `active` tinyint(4) NOT NULL DEFAULT '0',
  `createdOn` timestamp NOT NULL DEFAULT '0000-00-00 00:00:00',
  `updatedOn` timestamp NOT NULL DEFAULT CURRENT_TIMESTAMP ON UPDATE CURRENT_TIMESTAMP,
  PRIMARY KEY (`id`)
) ENGINE=InnoDB AUTO_INCREMENT=4 DEFAULT CHARSET=latin1;
/*!40101 SET character_set_client = @saved_cs_client */;

--
-- Dumping data for table `users`
--

LOCK TABLES `users` WRITE;
/*!40000 ALTER TABLE `users` DISABLE KEYS */;
INSERT INTO `users` VALUES (1,'Rickin','Shah','22B Chatham St.','North Plainfield','NJ',4,27,1987,'kinsho','b7f578bba4b1b0dbbe1aa26e6d646ab0','kinsho@gmail.com',0,'2013-08-04 20:16:36','2013-10-20 23:42:22'),(2,'Rickin','Shah','22B Chatham St','North Plainfield','NJ',4,27,1987,'kinsho2','kamche18','kinsho@gmail.com',0,'2013-09-17 18:28:45','2013-09-17 18:28:45'),(3,'Rickin','Shah','22B Chatham St','North Plainfield','NJ',4,27,1987,'kinsho3','eaa65263fea23cd3ac51ac07c1f230ff','kinsho@gmail.com',2,'2013-09-18 06:30:03','2013-09-24 19:13:37');
/*!40000 ALTER TABLE `users` ENABLE KEYS */;
UNLOCK TABLES;

--
-- Table structure for table `wagers`
--

DROP TABLE IF EXISTS `wagers`;
/*!40101 SET @saved_cs_client     = @@character_set_client */;
/*!40101 SET character_set_client = utf8 */;
CREATE TABLE `wagers` (
  `userId` int(10) unsigned NOT NULL,
  `gameId` int(10) unsigned NOT NULL,
  `wager` tinyint(4) NOT NULL,
  `week` tinyint(3) unsigned NOT NULL DEFAULT '15',
  `createdOn` timestamp NOT NULL DEFAULT '0000-00-00 00:00:00',
  `updatedOn` timestamp NOT NULL DEFAULT CURRENT_TIMESTAMP ON UPDATE CURRENT_TIMESTAMP,
  PRIMARY KEY (`userId`,`gameId`),
  KEY `gameId` (`gameId`),
  CONSTRAINT `wagers_ibfk_1` FOREIGN KEY (`userId`) REFERENCES `users` (`id`),
  CONSTRAINT `wagers_ibfk_2` FOREIGN KEY (`gameId`) REFERENCES `games` (`id`)
) ENGINE=InnoDB DEFAULT CHARSET=utf8;
/*!40101 SET character_set_client = @saved_cs_client */;

--
-- Dumping data for table `wagers`
--

LOCK TABLES `wagers` WRITE;
/*!40000 ALTER TABLE `wagers` DISABLE KEYS */;
INSERT INTO `wagers` VALUES (1,217,10,15,'2013-12-15 10:08:30','2013-12-15 17:21:54'),(1,218,10,15,'2013-12-15 10:01:54','2013-12-15 17:21:54'),(1,219,10,15,'2013-12-15 10:01:54','2013-12-15 17:21:54'),(1,306,5,17,'2013-12-29 17:11:27','2013-12-29 17:11:27'),(1,307,5,17,'2013-12-29 17:11:27','2013-12-29 17:11:27'),(1,308,5,17,'2013-12-29 17:11:27','2013-12-29 17:11:27'),(1,309,5,17,'2013-12-29 17:11:27','2013-12-29 17:11:27'),(1,310,5,17,'2013-12-29 17:11:27','2013-12-29 17:11:27'),(1,311,5,17,'2013-12-29 17:11:27','2013-12-29 17:11:27'),(1,312,5,17,'2013-12-29 17:11:27','2013-12-29 17:11:27'),(1,313,5,17,'2013-12-29 17:11:27','2013-12-29 17:11:27'),(1,314,20,17,'2013-12-29 17:11:27','2013-12-29 17:11:27'),(1,315,5,17,'2013-12-29 17:11:27','2013-12-29 17:11:27'),(1,316,5,17,'2013-12-29 17:11:27','2013-12-29 17:11:27'),(1,317,5,17,'2013-12-29 17:11:27','2013-12-29 17:11:27'),(1,318,5,17,'2013-12-29 17:11:27','2013-12-29 17:11:27'),(1,319,5,17,'2013-12-29 17:11:27','2013-12-29 17:11:27'),(1,320,5,17,'2013-12-29 17:11:27','2013-12-29 17:11:27'),(1,321,5,17,'2013-12-29 17:11:27','2013-12-29 17:11:27'),(1,324,5,17,'2013-12-29 17:10:38','2013-12-29 17:10:38');
/*!40000 ALTER TABLE `wagers` ENABLE KEYS */;
UNLOCK TABLES;

--
-- Table structure for table `weeks`
--

DROP TABLE IF EXISTS `weeks`;
/*!40101 SET @saved_cs_client     = @@character_set_client */;
/*!40101 SET character_set_client = utf8 */;
CREATE TABLE `weeks` (
  `week` tinyint(4) NOT NULL,
  `closeDate` datetime NOT NULL,
  `createdOn` timestamp NOT NULL DEFAULT '0000-00-00 00:00:00',
  `updatedOn` timestamp NOT NULL DEFAULT CURRENT_TIMESTAMP ON UPDATE CURRENT_TIMESTAMP,
  PRIMARY KEY (`week`)
) ENGINE=InnoDB DEFAULT CHARSET=utf8;
/*!40101 SET character_set_client = @saved_cs_client */;

--
-- Dumping data for table `weeks`
--

LOCK TABLES `weeks` WRITE;
/*!40000 ALTER TABLE `weeks` DISABLE KEYS */;
INSERT INTO `weeks` VALUES (1,'2013-09-10 17:00:00','2013-08-28 21:26:42','2013-08-28 21:26:42'),(2,'2013-09-17 17:00:00','2013-08-28 21:26:58','2013-08-28 21:26:58'),(3,'2013-09-24 17:00:00','2013-08-28 21:27:07','2013-08-28 21:27:07'),(4,'2013-10-01 17:00:00','2013-08-28 21:28:07','2013-08-28 21:28:07'),(5,'2013-10-08 17:00:00','2013-08-28 21:28:15','2013-08-28 21:28:15'),(6,'2013-10-15 17:00:00','2013-08-28 21:28:27','2013-08-28 21:28:27'),(7,'2013-10-22 17:00:00','2013-08-28 21:28:35','2013-08-28 21:28:35'),(8,'2013-10-29 17:00:00','2013-08-28 21:28:47','2013-08-28 21:28:47'),(9,'2013-11-05 17:00:00','2013-08-28 21:29:31','2013-08-28 21:29:31'),(10,'2013-11-12 17:00:00','2013-08-28 21:29:42','2013-08-28 21:29:42'),(11,'2013-11-19 17:00:00','2013-08-28 21:30:16','2013-08-28 21:30:16'),(12,'2013-11-26 17:00:00','2013-08-28 21:30:25','2013-08-28 21:30:25'),(13,'2013-12-03 17:00:00','2013-08-28 21:31:44','2013-08-28 21:31:44'),(14,'2013-12-10 17:00:00','2013-08-28 21:31:51','2013-08-28 21:31:51'),(15,'2013-12-17 17:00:00','2013-08-28 21:32:00','2013-08-28 21:32:00'),(16,'2013-12-24 17:00:00','2013-08-28 21:32:24','2013-08-28 21:32:24'),(17,'2013-12-31 17:00:00','2013-08-28 21:32:42','2013-08-28 21:32:42');
/*!40000 ALTER TABLE `weeks` ENABLE KEYS */;
UNLOCK TABLES;
/*!40103 SET TIME_ZONE=@OLD_TIME_ZONE */;

/*!40101 SET SQL_MODE=@OLD_SQL_MODE */;
/*!40014 SET FOREIGN_KEY_CHECKS=@OLD_FOREIGN_KEY_CHECKS */;
/*!40014 SET UNIQUE_CHECKS=@OLD_UNIQUE_CHECKS */;
/*!40101 SET CHARACTER_SET_CLIENT=@OLD_CHARACTER_SET_CLIENT */;
/*!40101 SET CHARACTER_SET_RESULTS=@OLD_CHARACTER_SET_RESULTS */;
/*!40101 SET COLLATION_CONNECTION=@OLD_COLLATION_CONNECTION */;
/*!40111 SET SQL_NOTES=@OLD_SQL_NOTES */;

-- Dump completed on 2013-12-29 15:27:56
